epoch,accuracy,loss,val_accuracy,val_loss
0,0.9958159923553467,0.012872200459241867,NA,NA
1,0.9977450370788574,0.00759626692160964,NA,NA
2,0.9981822371482849,0.006394263822585344,NA,NA
3,0.9983988404273987,0.005539624486118555,NA,NA
4,0.998552680015564,0.005040471907705069,NA,NA
